name	reason
Gdynia	User-observed missing canonical city surface; require full inflection.
Bydgoszcz	Existing reviewed proper-noun regression target.
Warszawa	Existing reviewed proper-noun regression target.
Gdańsk	Existing reviewed proper-noun regression target.
Kraków	Existing reviewed proper-noun regression target.
Wrocław	Existing reviewed proper-noun regression target.
Poznań	Existing reviewed proper-noun regression target.
Łódź	Existing reviewed proper-noun regression target.
Zamość	Existing reviewed proper-noun regression target.
